goals,nightmare,
goals,cutest,
goals,feariest,
goals,intelligentiest,
goals,speediest,
goals,attackiest,
goals,defenciest,
goals,battliest,
goals,flying,
goals,amphibious,
goals,well_rounded,
goals,total_attack,
goals,total_cute,
goals,total_defence,
goals,total_fear,
goals,total_intelligence,
goals,total_speed,
goals,good_attack,
goals,good_cute,
goals,good_defence,
goals,good_fear,
goals,good_intelligence,
goals,good_speed,
goals,somewhat_well_rounded,
goals,kinda_well_rounded,
goals,diverisity,
boosts,rocks,
boosts,scary_mask,
boosts,laser_eyes,
boosts,glasses,
boosts,puppy,
boosts,bionic_legs,
actions ,billy_1,
actions ,billy_2,
actions ,fight_1,
actions,fight_2,
actions ,fight_3,
actions,fight_4,
actions,robbery_1,
actions,robbery_2,
actions ,royal_rumble,
actions ,drugs_1,
actions ,drugs_2,
actions ,drugs_3,
actions,spymaster_1,
actions,spymaster_2,
actions ,breakthrough_1,
actions ,breakthrough_2,
actions,shaftback_1,
actions,shaftback_2,
actions,exchange_1,
actions,exchange_2,
actions,injury_1,
actions,injury_2,
actions,sabotage_1,
actions,sabotage_2,
actions,sabotage_3,
missions,take_down,
missions,entertain,
missions,spar,
missions,ex_boyfriend,
missions,crossword,
missions,race,
missions,activists,
missions,dodgeball,
missions,reporters,
missions,canteen,
missions,g_men,
missions,documents,
missions,break_out,
missions,ghost_train,
missions,president,
missions,dinner,
missions,samples,
missions,pub_quiz,
missions,seagulls,
missions,cinema,
missions,security_guards,
missions,the_bomb,
missions,petting_zoo,
missions,quad_bike,
missions,mob_meet,
missions,athletics_team,
missions,defector,
missions,arms_dealer,
missions,decipher_code,
missions,scare_hotel,
missions,honey_trap,
missions,tv_network,
missions,birthday_party,
missions,crime_lord,
missions,recover_jet,
missions,go_kart,
body_part,Lab,head
body_part,Lab,trunk
body_part,Lab,right_arm
body_part,Lab,left_arm
body_part,Lab,legs
body_part,Panda,head
body_part,Panda,trunk
body_part,Panda,right_arm
body_part,Panda,left_arm
body_part,Panda,legs
body_part,Eagle,head
body_part,Eagle,trunk
body_part,Eagle,right_arm
body_part,Eagle,left_arm
body_part,Eagle,legs
body_part,Scorpion,head
body_part,Scorpion,trunk
body_part,Scorpion,right_arm
body_part,Scorpion,left_arm
body_part,Scorpion,legs
body_part,Crab,head
body_part,Crab,trunk
body_part,Crab,right_arm
body_part,Crab,left_arm
body_part,Crab,legs
body_part,Dolphin,head
body_part,Dolphin,trunk
body_part,Dolphin,right_arm
body_part,Dolphin,left_arm
body_part,Dolphin,legs
body_part,Chimp,head
body_part,Chimp,trunk
body_part,Chimp,right_arm
body_part,Chimp,left_arm
body_part,Chimp,legs
body_part,Honey B,head
body_part,Honey B,trunk
body_part,Honey B,right_arm
body_part,Honey B,left_arm
body_part,Honey B,legs
body_part,VampBat,head
body_part,VampBat,trunk
body_part,VampBat,right_arm
body_part,VampBat,left_arm
body_part,VampBat,legs
body_part,Armadillo,head
body_part,Armadillo,trunk
body_part,Armadillo,right_arm
body_part,Armadillo,left_arm
body_part,Armadillo,legs
body_part,rabbit,head
body_part,rabbit,trunk
body_part,rabbit,right_arm
body_part,rabbit,left_arm
body_part,rabbit,legs
body_part,spider,head
body_part,spider,trunk
body_part,spider,right_arm
body_part,spider,left_arm
body_part,spider,legs
body_part,cat,head
body_part,cat,trunk
body_part,cat,right_arm
body_part,cat,left_arm
body_part,cat,legs
body_part,bird,head
body_part,bird,trunk
body_part,bird,right_arm
body_part,bird,left_arm
body_part,bird,legs
body_part,tortoise,head
body_part,tortoise,trunk
body_part,tortoise,right_arm
body_part,tortoise,left_arm
body_part,tortoise,legs
body_part,bug,head
body_part,bug,trunk
body_part,bug,right_arm
body_part,bug,left_arm
body_part,bug,legs
body_part,crcodile,head
body_part,crcodile,trunk
body_part,crcodile,right_arm
body_part,crcodile,left_arm
body_part,crcodile,legs
body_part,bear,head
body_part,bear,trunk
body_part,bear,right_arm
body_part,bear,left_arm
body_part,bear,legs
body_part,kangaroo,head
body_part,kangaroo,trunk
body_part,kangaroo,right_arm
body_part,kangaroo,left_arm
body_part,kangaroo,legs
body_part,ants,head
body_part,ants,trunk
body_part,ants,right_arm
body_part,ants,left_arm
body_part,ants,legs
body_part,stingray,head
body_part,stingray,trunk
body_part,stingray,right_arm
body_part,stingray,left_arm
body_part,stingray,legs
body_part,gorilla,head
body_part,gorilla,trunk
body_part,gorilla,right_arm
body_part,gorilla,left_arm
body_part,gorilla,legs
body_part,ostrich,head
body_part,ostrich,trunk
body_part,ostrich,right_arm
body_part,ostrich,left_arm
body_part,ostrich,legs
body_part,mantis_shrimp,head
body_part,mantis_shrimp,trunk
body_part,mantis_shrimp,right_arm
body_part,mantis_shrimp,left_arm
body_part,mantis_shrimp,legs
body_part,eels,head
body_part,eels,trunk
body_part,eels,right_arm
body_part,eels,left_arm
body_part,eels,legs
body_part,rhino,head
body_part,rhino,trunk
body_part,rhino,right_arm
body_part,rhino,left_arm
body_part,rhino,legs
